title,source,url,state,category,country,status
NGO Foundation 0,Generated Dataset,,maharashtra,health,india,active
NGO Foundation 1,Generated Dataset,,maharashtra,environment,india,active
NGO Foundation 2,Generated Dataset,,delhi,education,india,active
NGO Foundation 3,Generated Dataset,,delhi,environment,india,active
NGO Foundation 4,Generated Dataset,,tamil nadu,social,india,active
NGO Foundation 5,Generated Dataset,,uttar pradesh,environment,india,active
NGO Foundation 6,Generated Dataset,,karnataka,food,india,active
NGO Foundation 7,Generated Dataset,,karnataka,women,india,active
NGO Foundation 8,Generated Dataset,,uttar pradesh,women,india,active
NGO Foundation 9,Generated Dataset,,uttar pradesh,social,india,active
NGO Foundation 10,Generated Dataset,,karnataka,health,india,active
NGO Foundation 11,Generated Dataset,,delhi,social,india,active
NGO Foundation 12,Generated Dataset,,karnataka,environment,india,active
NGO Foundation 13,Generated Dataset,,karnataka,social,india,active
NGO Foundation 14,Generated Dataset,,delhi,food,india,active
NGO Foundation 15,Generated Dataset,,tamil nadu,social,india,active
NGO Foundation 16,Generated Dataset,,tamil nadu,social,india,active
NGO Foundation 17,Generated Dataset,,uttar pradesh,women,india,active
NGO Foundation 18,Generated Dataset,,karnataka,women,india,active
NGO Foundation 19,Generated Dataset,,uttar pradesh,education,india,active
NGO Foundation 20,Generated Dataset,,uttar pradesh,food,india,active
NGO Foundation 21,Generated Dataset,,tamil nadu,education,india,active
NGO Foundation 22,Generated Dataset,,tamil nadu,environment,india,active
NGO Foundation 23,Generated Dataset,,tamil nadu,environment,india,active
NGO Foundation 24,Generated Dataset,,maharashtra,education,india,active
NGO Foundation 25,Generated Dataset,,uttar pradesh,environment,india,active
NGO Foundation 26,Generated Dataset,,karnataka,environment,india,active
NGO Foundation 27,Generated Dataset,,uttar pradesh,education,india,active
NGO Foundation 28,Generated Dataset,,maharashtra,education,india,active
NGO Foundation 29,Generated Dataset,,karnataka,food,india,active
NGO Foundation 30,Generated Dataset,,uttar pradesh,women,india,active
NGO Foundation 31,Generated Dataset,,karnataka,education,india,active
NGO Foundation 32,Generated Dataset,,delhi,food,india,active
NGO Foundation 33,Generated Dataset,,uttar pradesh,health,india,active
NGO Foundation 34,Generated Dataset,,maharashtra,women,india,active
NGO Foundation 35,Generated Dataset,,tamil nadu,health,india,active
NGO Foundation 36,Generated Dataset,,maharashtra,food,india,active
NGO Foundation 37,Generated Dataset,,karnataka,education,india,active
NGO Foundation 38,Generated Dataset,,tamil nadu,education,india,active
NGO Foundation 39,Generated Dataset,,maharashtra,women,india,active
NGO Foundation 40,Generated Dataset,,karnataka,environment,india,active
NGO Foundation 41,Generated Dataset,,tamil nadu,women,india,active
NGO Foundation 42,Generated Dataset,,maharashtra,health,india,active
NGO Foundation 43,Generated Dataset,,tamil nadu,social,india,active
NGO Foundation 44,Generated Dataset,,maharashtra,women,india,active
NGO Foundation 45,Generated Dataset,,uttar pradesh,women,india,active
NGO Foundation 46,Generated Dataset,,delhi,health,india,active
NGO Foundation 47,Generated Dataset,,delhi,health,india,active
NGO Foundation 48,Generated Dataset,,delhi,education,india,active
NGO Foundation 49,Generated Dataset,,delhi,social,india,active
NGO Foundation 50,Generated Dataset,,tamil nadu,environment,india,active
NGO Foundation 51,Generated Dataset,,karnataka,food,india,active
NGO Foundation 52,Generated Dataset,,delhi,health,india,active
NGO Foundation 53,Generated Dataset,,uttar pradesh,health,india,active
NGO Foundation 54,Generated Dataset,,karnataka,health,india,active
NGO Foundation 55,Generated Dataset,,maharashtra,social,india,active
NGO Foundation 56,Generated Dataset,,delhi,environment,india,active
NGO Foundation 57,Generated Dataset,,tamil nadu,food,india,active
NGO Foundation 58,Generated Dataset,,karnataka,women,india,active
NGO Foundation 59,Generated Dataset,,maharashtra,education,india,active
NGO Foundation 60,Generated Dataset,,uttar pradesh,women,india,active
NGO Foundation 61,Generated Dataset,,karnataka,health,india,active
NGO Foundation 62,Generated Dataset,,delhi,women,india,active
NGO Foundation 63,Generated Dataset,,tamil nadu,social,india,active
NGO Foundation 64,Generated Dataset,,uttar pradesh,education,india,active
NGO Foundation 65,Generated Dataset,,uttar pradesh,environment,india,active
NGO Foundation 66,Generated Dataset,,karnataka,environment,india,active
NGO Foundation 67,Generated Dataset,,uttar pradesh,health,india,active
NGO Foundation 68,Generated Dataset,,tamil nadu,food,india,active
NGO Foundation 69,Generated Dataset,,uttar pradesh,education,india,active
NGO Foundation 70,Generated Dataset,,karnataka,environment,india,active
NGO Foundation 71,Generated Dataset,,uttar pradesh,education,india,active
NGO Foundation 72,Generated Dataset,,tamil nadu,social,india,active
NGO Foundation 73,Generated Dataset,,tamil nadu,food,india,active
NGO Foundation 74,Generated Dataset,,delhi,environment,india,active
NGO Foundation 75,Generated Dataset,,delhi,women,india,active
NGO Foundation 76,Generated Dataset,,maharashtra,health,india,active
NGO Foundation 77,Generated Dataset,,delhi,social,india,active
NGO Foundation 78,Generated Dataset,,karnataka,environment,india,active
NGO Foundation 79,Generated Dataset,,uttar pradesh,health,india,active
NGO Foundation 80,Generated Dataset,,delhi,health,india,active
NGO Foundation 81,Generated Dataset,,delhi,environment,india,active
NGO Foundation 82,Generated Dataset,,tamil nadu,food,india,active
NGO Foundation 83,Generated Dataset,,uttar pradesh,health,india,active
NGO Foundation 84,Generated Dataset,,karnataka,environment,india,active
NGO Foundation 85,Generated Dataset,,delhi,health,india,active
NGO Foundation 86,Generated Dataset,,tamil nadu,environment,india,active
NGO Foundation 87,Generated Dataset,,uttar pradesh,health,india,active
NGO Foundation 88,Generated Dataset,,maharashtra,social,india,active
NGO Foundation 89,Generated Dataset,,maharashtra,environment,india,active
NGO Foundation 90,Generated Dataset,,tamil nadu,education,india,active
NGO Foundation 91,Generated Dataset,,tamil nadu,education,india,active
NGO Foundation 92,Generated Dataset,,karnataka,education,india,active
NGO Foundation 93,Generated Dataset,,delhi,women,india,active
NGO Foundation 94,Generated Dataset,,karnataka,women,india,active
NGO Foundation 95,Generated Dataset,,maharashtra,health,india,active
NGO Foundation 96,Generated Dataset,,karnataka,environment,india,active
NGO Foundation 97,Generated Dataset,,uttar pradesh,health,india,active
NGO Foundation 98,Generated Dataset,,karnataka,social,india,active
NGO Foundation 99,Generated Dataset,,delhi,education,india,active
NGO Foundation 100,Generated Dataset,,maharashtra,education,india,active
NGO Foundation 101,Generated Dataset,,uttar pradesh,education,india,active
NGO Foundation 102,Generated Dataset,,uttar pradesh,health,india,active
NGO Foundation 103,Generated Dataset,,uttar pradesh,social,india,active
NGO Foundation 104,Generated Dataset,,maharashtra,women,india,active
NGO Foundation 105,Generated Dataset,,karnataka,food,india,active
NGO Foundation 106,Generated Dataset,,delhi,education,india,active
NGO Foundation 107,Generated Dataset,,uttar pradesh,education,india,active
NGO Foundation 108,Generated Dataset,,uttar pradesh,health,india,active
NGO Foundation 109,Generated Dataset,,delhi,social,india,active
NGO Foundation 110,Generated Dataset,,tamil nadu,education,india,active
NGO Foundation 111,Generated Dataset,,delhi,social,india,active
NGO Foundation 112,Generated Dataset,,delhi,women,india,active
NGO Foundation 113,Generated Dataset,,maharashtra,women,india,active
NGO Foundation 114,Generated Dataset,,delhi,health,india,active
NGO Foundation 115,Generated Dataset,,delhi,health,india,active
NGO Foundation 116,Generated Dataset,,maharashtra,food,india,active
NGO Foundation 117,Generated Dataset,,karnataka,food,india,active
NGO Foundation 118,Generated Dataset,,uttar pradesh,health,india,active
NGO Foundation 119,Generated Dataset,,uttar pradesh,health,india,active
NGO Foundation 120,Generated Dataset,,delhi,food,india,active
NGO Foundation 121,Generated Dataset,,maharashtra,social,india,active
NGO Foundation 122,Generated Dataset,,delhi,health,india,active
NGO Foundation 123,Generated Dataset,,uttar pradesh,health,india,active
NGO Foundation 124,Generated Dataset,,delhi,social,india,active
NGO Foundation 125,Generated Dataset,,tamil nadu,environment,india,active
NGO Foundation 126,Generated Dataset,,delhi,social,india,active
NGO Foundation 127,Generated Dataset,,uttar pradesh,health,india,active
NGO Foundation 128,Generated Dataset,,uttar pradesh,social,india,active
NGO Foundation 129,Generated Dataset,,maharashtra,education,india,active
NGO Foundation 130,Generated Dataset,,uttar pradesh,women,india,active
NGO Foundation 131,Generated Dataset,,tamil nadu,women,india,active
NGO Foundation 132,Generated Dataset,,uttar pradesh,environment,india,active
NGO Foundation 133,Generated Dataset,,delhi,education,india,active
NGO Foundation 134,Generated Dataset,,tamil nadu,health,india,active
NGO Foundation 135,Generated Dataset,,maharashtra,social,india,active
NGO Foundation 136,Generated Dataset,,maharashtra,health,india,active
NGO Foundation 137,Generated Dataset,,maharashtra,food,india,active
NGO Foundation 138,Generated Dataset,,uttar pradesh,social,india,active
NGO Foundation 139,Generated Dataset,,tamil nadu,social,india,active
NGO Foundation 140,Generated Dataset,,maharashtra,women,india,active
NGO Foundation 141,Generated Dataset,,delhi,environment,india,active
NGO Foundation 142,Generated Dataset,,karnataka,women,india,active
NGO Foundation 143,Generated Dataset,,maharashtra,women,india,active
NGO Foundation 144,Generated Dataset,,tamil nadu,women,india,active
NGO Foundation 145,Generated Dataset,,maharashtra,health,india,active
NGO Foundation 146,Generated Dataset,,maharashtra,environment,india,active
NGO Foundation 147,Generated Dataset,,tamil nadu,environment,india,active
NGO Foundation 148,Generated Dataset,,maharashtra,environment,india,active
NGO Foundation 149,Generated Dataset,,tamil nadu,environment,india,active
NGO Foundation 150,Generated Dataset,,maharashtra,social,india,active
NGO Foundation 151,Generated Dataset,,maharashtra,health,india,active
NGO Foundation 152,Generated Dataset,,maharashtra,health,india,active
NGO Foundation 153,Generated Dataset,,maharashtra,food,india,active
NGO Foundation 154,Generated Dataset,,karnataka,women,india,active
NGO Foundation 155,Generated Dataset,,karnataka,food,india,active
NGO Foundation 156,Generated Dataset,,tamil nadu,women,india,active
NGO Foundation 157,Generated Dataset,,tamil nadu,environment,india,active
NGO Foundation 158,Generated Dataset,,delhi,education,india,active
NGO Foundation 159,Generated Dataset,,karnataka,food,india,active
NGO Foundation 160,Generated Dataset,,delhi,health,india,active
NGO Foundation 161,Generated Dataset,,tamil nadu,health,india,active
NGO Foundation 162,Generated Dataset,,maharashtra,social,india,active
NGO Foundation 163,Generated Dataset,,tamil nadu,social,india,active
NGO Foundation 164,Generated Dataset,,maharashtra,food,india,active
NGO Foundation 165,Generated Dataset,,karnataka,education,india,active
NGO Foundation 166,Generated Dataset,,karnataka,environment,india,active
NGO Foundation 167,Generated Dataset,,karnataka,women,india,active
NGO Foundation 168,Generated Dataset,,tamil nadu,social,india,active
NGO Foundation 169,Generated Dataset,,tamil nadu,education,india,active
NGO Foundation 170,Generated Dataset,,maharashtra,food,india,active
NGO Foundation 171,Generated Dataset,,delhi,women,india,active
NGO Foundation 172,Generated Dataset,,uttar pradesh,health,india,active
NGO Foundation 173,Generated Dataset,,delhi,social,india,active
NGO Foundation 174,Generated Dataset,,maharashtra,health,india,active
NGO Foundation 175,Generated Dataset,,karnataka,women,india,active
NGO Foundation 176,Generated Dataset,,karnataka,education,india,active
NGO Foundation 177,Generated Dataset,,karnataka,food,india,active
NGO Foundation 178,Generated Dataset,,tamil nadu,women,india,active
NGO Foundation 179,Generated Dataset,,tamil nadu,environment,india,active
NGO Foundation 180,Generated Dataset,,maharashtra,women,india,active
NGO Foundation 181,Generated Dataset,,karnataka,food,india,active
NGO Foundation 182,Generated Dataset,,maharashtra,health,india,active
NGO Foundation 183,Generated Dataset,,tamil nadu,education,india,active
NGO Foundation 184,Generated Dataset,,maharashtra,health,india,active
NGO Foundation 185,Generated Dataset,,uttar pradesh,food,india,active
NGO Foundation 186,Generated Dataset,,karnataka,women,india,active
NGO Foundation 187,Generated Dataset,,tamil nadu,food,india,active
NGO Foundation 188,Generated Dataset,,karnataka,education,india,active
NGO Foundation 189,Generated Dataset,,delhi,health,india,active
NGO Foundation 190,Generated Dataset,,uttar pradesh,social,india,active
NGO Foundation 191,Generated Dataset,,delhi,social,india,active
NGO Foundation 192,Generated Dataset,,karnataka,environment,india,active
NGO Foundation 193,Generated Dataset,,delhi,education,india,active
NGO Foundation 194,Generated Dataset,,delhi,education,india,active
NGO Foundation 195,Generated Dataset,,uttar pradesh,health,india,active
NGO Foundation 196,Generated Dataset,,tamil nadu,social,india,active
NGO Foundation 197,Generated Dataset,,karnataka,social,india,active
NGO Foundation 198,Generated Dataset,,maharashtra,social,india,active
NGO Foundation 199,Generated Dataset,,uttar pradesh,education,india,active
NGO Foundation 200,Generated Dataset,,maharashtra,women,india,active
NGO Foundation 201,Generated Dataset,,maharashtra,social,india,active
NGO Foundation 202,Generated Dataset,,maharashtra,education,india,active
NGO Foundation 203,Generated Dataset,,karnataka,education,india,active
NGO Foundation 204,Generated Dataset,,maharashtra,environment,india,active
NGO Foundation 205,Generated Dataset,,maharashtra,food,india,active
NGO Foundation 206,Generated Dataset,,uttar pradesh,women,india,active
NGO Foundation 207,Generated Dataset,,uttar pradesh,women,india,active
NGO Foundation 208,Generated Dataset,,delhi,food,india,active
NGO Foundation 209,Generated Dataset,,tamil nadu,women,india,active
NGO Foundation 210,Generated Dataset,,maharashtra,women,india,active
NGO Foundation 211,Generated Dataset,,uttar pradesh,health,india,active
NGO Foundation 212,Generated Dataset,,uttar pradesh,women,india,active
NGO Foundation 213,Generated Dataset,,uttar pradesh,health,india,active
NGO Foundation 214,Generated Dataset,,maharashtra,food,india,active
NGO Foundation 215,Generated Dataset,,karnataka,education,india,active
NGO Foundation 216,Generated Dataset,,delhi,women,india,active
NGO Foundation 217,Generated Dataset,,maharashtra,food,india,active
NGO Foundation 218,Generated Dataset,,uttar pradesh,women,india,active
NGO Foundation 219,Generated Dataset,,maharashtra,education,india,active
NGO Foundation 220,Generated Dataset,,tamil nadu,food,india,active
NGO Foundation 221,Generated Dataset,,uttar pradesh,health,india,active
NGO Foundation 222,Generated Dataset,,karnataka,education,india,active
NGO Foundation 223,Generated Dataset,,delhi,environment,india,active
NGO Foundation 224,Generated Dataset,,delhi,environment,india,active
NGO Foundation 225,Generated Dataset,,uttar pradesh,women,india,active
NGO Foundation 226,Generated Dataset,,tamil nadu,women,india,active
NGO Foundation 227,Generated Dataset,,tamil nadu,health,india,active
NGO Foundation 228,Generated Dataset,,delhi,environment,india,active
NGO Foundation 229,Generated Dataset,,delhi,social,india,active
NGO Foundation 230,Generated Dataset,,delhi,health,india,active
NGO Foundation 231,Generated Dataset,,delhi,food,india,active
NGO Foundation 232,Generated Dataset,,karnataka,environment,india,active
NGO Foundation 233,Generated Dataset,,uttar pradesh,environment,india,active
NGO Foundation 234,Generated Dataset,,maharashtra,food,india,active
NGO Foundation 235,Generated Dataset,,karnataka,food,india,active
NGO Foundation 236,Generated Dataset,,delhi,social,india,active
NGO Foundation 237,Generated Dataset,,karnataka,education,india,active
NGO Foundation 238,Generated Dataset,,uttar pradesh,social,india,active
NGO Foundation 239,Generated Dataset,,delhi,environment,india,active
NGO Foundation 240,Generated Dataset,,uttar pradesh,women,india,active
NGO Foundation 241,Generated Dataset,,karnataka,women,india,active
NGO Foundation 242,Generated Dataset,,maharashtra,social,india,active
NGO Foundation 243,Generated Dataset,,uttar pradesh,health,india,active
NGO Foundation 244,Generated Dataset,,maharashtra,health,india,active
NGO Foundation 245,Generated Dataset,,delhi,food,india,active
NGO Foundation 246,Generated Dataset,,delhi,food,india,active
NGO Foundation 247,Generated Dataset,,karnataka,food,india,active
NGO Foundation 248,Generated Dataset,,karnataka,environment,india,active
NGO Foundation 249,Generated Dataset,,tamil nadu,women,india,active
NGO Foundation 250,Generated Dataset,,delhi,social,india,active
NGO Foundation 251,Generated Dataset,,uttar pradesh,education,india,active
NGO Foundation 252,Generated Dataset,,uttar pradesh,health,india,active
NGO Foundation 253,Generated Dataset,,tamil nadu,women,india,active
NGO Foundation 254,Generated Dataset,,maharashtra,environment,india,active
NGO Foundation 255,Generated Dataset,,karnataka,health,india,active
NGO Foundation 256,Generated Dataset,,tamil nadu,women,india,active
NGO Foundation 257,Generated Dataset,,uttar pradesh,environment,india,active
NGO Foundation 258,Generated Dataset,,tamil nadu,education,india,active
NGO Foundation 259,Generated Dataset,,maharashtra,women,india,active
NGO Foundation 260,Generated Dataset,,karnataka,food,india,active
NGO Foundation 261,Generated Dataset,,maharashtra,health,india,active
NGO Foundation 262,Generated Dataset,,delhi,food,india,active
NGO Foundation 263,Generated Dataset,,delhi,environment,india,active
NGO Foundation 264,Generated Dataset,,uttar pradesh,health,india,active
NGO Foundation 265,Generated Dataset,,tamil nadu,women,india,active
NGO Foundation 266,Generated Dataset,,karnataka,health,india,active
NGO Foundation 267,Generated Dataset,,tamil nadu,food,india,active
NGO Foundation 268,Generated Dataset,,maharashtra,health,india,active
NGO Foundation 269,Generated Dataset,,maharashtra,social,india,active
NGO Foundation 270,Generated Dataset,,delhi,education,india,active
NGO Foundation 271,Generated Dataset,,maharashtra,health,india,active
NGO Foundation 272,Generated Dataset,,karnataka,women,india,active
NGO Foundation 273,Generated Dataset,,maharashtra,education,india,active
NGO Foundation 274,Generated Dataset,,tamil nadu,women,india,active
NGO Foundation 275,Generated Dataset,,tamil nadu,environment,india,active
NGO Foundation 276,Generated Dataset,,tamil nadu,food,india,active
NGO Foundation 277,Generated Dataset,,karnataka,food,india,active
NGO Foundation 278,Generated Dataset,,delhi,environment,india,active
NGO Foundation 279,Generated Dataset,,tamil nadu,food,india,active
NGO Foundation 280,Generated Dataset,,delhi,social,india,active
NGO Foundation 281,Generated Dataset,,karnataka,food,india,active
NGO Foundation 282,Generated Dataset,,maharashtra,social,india,active
NGO Foundation 283,Generated Dataset,,tamil nadu,women,india,active
NGO Foundation 284,Generated Dataset,,uttar pradesh,health,india,active
NGO Foundation 285,Generated Dataset,,maharashtra,women,india,active
NGO Foundation 286,Generated Dataset,,karnataka,food,india,active
NGO Foundation 287,Generated Dataset,,karnataka,women,india,active
NGO Foundation 288,Generated Dataset,,tamil nadu,environment,india,active
NGO Foundation 289,Generated Dataset,,karnataka,social,india,active
NGO Foundation 290,Generated Dataset,,tamil nadu,women,india,active
NGO Foundation 291,Generated Dataset,,uttar pradesh,environment,india,active
NGO Foundation 292,Generated Dataset,,tamil nadu,social,india,active
NGO Foundation 293,Generated Dataset,,delhi,women,india,active
NGO Foundation 294,Generated Dataset,,delhi,social,india,active
NGO Foundation 295,Generated Dataset,,maharashtra,environment,india,active
NGO Foundation 296,Generated Dataset,,maharashtra,education,india,active
NGO Foundation 297,Generated Dataset,,uttar pradesh,environment,india,active
NGO Foundation 298,Generated Dataset,,karnataka,women,india,active
NGO Foundation 299,Generated Dataset,,karnataka,food,india,active
NGO Foundation 300,Generated Dataset,,delhi,women,india,active
NGO Foundation 301,Generated Dataset,,karnataka,health,india,active
NGO Foundation 302,Generated Dataset,,tamil nadu,social,india,active
NGO Foundation 303,Generated Dataset,,tamil nadu,food,india,active
NGO Foundation 304,Generated Dataset,,karnataka,education,india,active
NGO Foundation 305,Generated Dataset,,tamil nadu,health,india,active
NGO Foundation 306,Generated Dataset,,karnataka,social,india,active
NGO Foundation 307,Generated Dataset,,karnataka,environment,india,active
NGO Foundation 308,Generated Dataset,,tamil nadu,education,india,active
NGO Foundation 309,Generated Dataset,,maharashtra,social,india,active
NGO Foundation 310,Generated Dataset,,karnataka,social,india,active
NGO Foundation 311,Generated Dataset,,tamil nadu,education,india,active
NGO Foundation 312,Generated Dataset,,tamil nadu,social,india,active
NGO Foundation 313,Generated Dataset,,maharashtra,environment,india,active
NGO Foundation 314,Generated Dataset,,tamil nadu,environment,india,active
NGO Foundation 315,Generated Dataset,,delhi,health,india,active
NGO Foundation 316,Generated Dataset,,tamil nadu,environment,india,active
NGO Foundation 317,Generated Dataset,,tamil nadu,health,india,active
NGO Foundation 318,Generated Dataset,,uttar pradesh,social,india,active
NGO Foundation 319,Generated Dataset,,tamil nadu,education,india,active
NGO Foundation 320,Generated Dataset,,maharashtra,social,india,active
NGO Foundation 321,Generated Dataset,,tamil nadu,women,india,active
NGO Foundation 322,Generated Dataset,,uttar pradesh,health,india,active
NGO Foundation 323,Generated Dataset,,delhi,environment,india,active
NGO Foundation 324,Generated Dataset,,karnataka,environment,india,active
NGO Foundation 325,Generated Dataset,,uttar pradesh,environment,india,active
NGO Foundation 326,Generated Dataset,,karnataka,social,india,active
NGO Foundation 327,Generated Dataset,,tamil nadu,education,india,active
NGO Foundation 328,Generated Dataset,,karnataka,social,india,active
NGO Foundation 329,Generated Dataset,,maharashtra,education,india,active
NGO Foundation 330,Generated Dataset,,delhi,social,india,active
NGO Foundation 331,Generated Dataset,,karnataka,social,india,active
NGO Foundation 332,Generated Dataset,,karnataka,food,india,active
NGO Foundation 333,Generated Dataset,,tamil nadu,social,india,active
NGO Foundation 334,Generated Dataset,,delhi,environment,india,active
NGO Foundation 335,Generated Dataset,,maharashtra,education,india,active
NGO Foundation 336,Generated Dataset,,tamil nadu,women,india,active
NGO Foundation 337,Generated Dataset,,maharashtra,health,india,active
NGO Foundation 338,Generated Dataset,,uttar pradesh,social,india,active
NGO Foundation 339,Generated Dataset,,maharashtra,women,india,active
NGO Foundation 340,Generated Dataset,,tamil nadu,women,india,active
NGO Foundation 341,Generated Dataset,,uttar pradesh,food,india,active
NGO Foundation 342,Generated Dataset,,uttar pradesh,health,india,active
NGO Foundation 343,Generated Dataset,,karnataka,health,india,active
NGO Foundation 344,Generated Dataset,,karnataka,food,india,active
NGO Foundation 345,Generated Dataset,,tamil nadu,health,india,active
NGO Foundation 346,Generated Dataset,,uttar pradesh,food,india,active
NGO Foundation 347,Generated Dataset,,delhi,social,india,active
NGO Foundation 348,Generated Dataset,,delhi,social,india,active
NGO Foundation 349,Generated Dataset,,karnataka,social,india,active
NGO Foundation 350,Generated Dataset,,maharashtra,social,india,active
NGO Foundation 351,Generated Dataset,,delhi,social,india,active
NGO Foundation 352,Generated Dataset,,karnataka,women,india,active
NGO Foundation 353,Generated Dataset,,delhi,environment,india,active
NGO Foundation 354,Generated Dataset,,karnataka,social,india,active
NGO Foundation 355,Generated Dataset,,tamil nadu,health,india,active
NGO Foundation 356,Generated Dataset,,delhi,women,india,active
NGO Foundation 357,Generated Dataset,,karnataka,social,india,active
NGO Foundation 358,Generated Dataset,,tamil nadu,social,india,active
NGO Foundation 359,Generated Dataset,,uttar pradesh,education,india,active
NGO Foundation 360,Generated Dataset,,karnataka,education,india,active
NGO Foundation 361,Generated Dataset,,maharashtra,education,india,active
NGO Foundation 362,Generated Dataset,,tamil nadu,health,india,active
NGO Foundation 363,Generated Dataset,,delhi,social,india,active
NGO Foundation 364,Generated Dataset,,uttar pradesh,food,india,active
NGO Foundation 365,Generated Dataset,,maharashtra,environment,india,active
NGO Foundation 366,Generated Dataset,,karnataka,environment,india,active
NGO Foundation 367,Generated Dataset,,karnataka,health,india,active
NGO Foundation 368,Generated Dataset,,karnataka,environment,india,active
NGO Foundation 369,Generated Dataset,,uttar pradesh,environment,india,active
NGO Foundation 370,Generated Dataset,,uttar pradesh,social,india,active
NGO Foundation 371,Generated Dataset,,maharashtra,education,india,active
NGO Foundation 372,Generated Dataset,,uttar pradesh,health,india,active
NGO Foundation 373,Generated Dataset,,uttar pradesh,social,india,active
NGO Foundation 374,Generated Dataset,,delhi,education,india,active
NGO Foundation 375,Generated Dataset,,delhi,environment,india,active
NGO Foundation 376,Generated Dataset,,maharashtra,food,india,active
NGO Foundation 377,Generated Dataset,,tamil nadu,environment,india,active
NGO Foundation 378,Generated Dataset,,delhi,health,india,active
NGO Foundation 379,Generated Dataset,,delhi,social,india,active
NGO Foundation 380,Generated Dataset,,uttar pradesh,food,india,active
NGO Foundation 381,Generated Dataset,,tamil nadu,women,india,active
NGO Foundation 382,Generated Dataset,,delhi,social,india,active
NGO Foundation 383,Generated Dataset,,tamil nadu,social,india,active
NGO Foundation 384,Generated Dataset,,karnataka,women,india,active
NGO Foundation 385,Generated Dataset,,uttar pradesh,women,india,active
NGO Foundation 386,Generated Dataset,,karnataka,women,india,active
NGO Foundation 387,Generated Dataset,,karnataka,environment,india,active
NGO Foundation 388,Generated Dataset,,delhi,education,india,active
NGO Foundation 389,Generated Dataset,,uttar pradesh,social,india,active
NGO Foundation 390,Generated Dataset,,karnataka,environment,india,active
NGO Foundation 391,Generated Dataset,,uttar pradesh,social,india,active
NGO Foundation 392,Generated Dataset,,maharashtra,women,india,active
NGO Foundation 393,Generated Dataset,,tamil nadu,women,india,active
NGO Foundation 394,Generated Dataset,,maharashtra,education,india,active
NGO Foundation 395,Generated Dataset,,delhi,health,india,active
NGO Foundation 396,Generated Dataset,,delhi,food,india,active
NGO Foundation 397,Generated Dataset,,uttar pradesh,health,india,active
NGO Foundation 398,Generated Dataset,,uttar pradesh,environment,india,active
NGO Foundation 399,Generated Dataset,,delhi,environment,india,active
NGO Foundation 400,Generated Dataset,,uttar pradesh,environment,india,active
NGO Foundation 401,Generated Dataset,,uttar pradesh,education,india,active
NGO Foundation 402,Generated Dataset,,karnataka,food,india,active
NGO Foundation 403,Generated Dataset,,tamil nadu,health,india,active
NGO Foundation 404,Generated Dataset,,karnataka,environment,india,active
NGO Foundation 405,Generated Dataset,,delhi,health,india,active
NGO Foundation 406,Generated Dataset,,tamil nadu,social,india,active
NGO Foundation 407,Generated Dataset,,uttar pradesh,education,india,active
NGO Foundation 408,Generated Dataset,,tamil nadu,health,india,active
NGO Foundation 409,Generated Dataset,,uttar pradesh,health,india,active
NGO Foundation 410,Generated Dataset,,uttar pradesh,women,india,active
NGO Foundation 411,Generated Dataset,,karnataka,education,india,active
NGO Foundation 412,Generated Dataset,,delhi,environment,india,active
NGO Foundation 413,Generated Dataset,,uttar pradesh,environment,india,active
NGO Foundation 414,Generated Dataset,,delhi,food,india,active
NGO Foundation 415,Generated Dataset,,delhi,women,india,active
NGO Foundation 416,Generated Dataset,,tamil nadu,health,india,active
NGO Foundation 417,Generated Dataset,,delhi,social,india,active
NGO Foundation 418,Generated Dataset,,tamil nadu,environment,india,active
NGO Foundation 419,Generated Dataset,,delhi,women,india,active
NGO Foundation 420,Generated Dataset,,uttar pradesh,food,india,active
NGO Foundation 421,Generated Dataset,,karnataka,social,india,active
NGO Foundation 422,Generated Dataset,,delhi,food,india,active
NGO Foundation 423,Generated Dataset,,maharashtra,environment,india,active
NGO Foundation 424,Generated Dataset,,uttar pradesh,women,india,active
NGO Foundation 425,Generated Dataset,,uttar pradesh,social,india,active
NGO Foundation 426,Generated Dataset,,maharashtra,social,india,active
NGO Foundation 427,Generated Dataset,,maharashtra,social,india,active
NGO Foundation 428,Generated Dataset,,maharashtra,women,india,active
NGO Foundation 429,Generated Dataset,,maharashtra,education,india,active
NGO Foundation 430,Generated Dataset,,maharashtra,food,india,active
NGO Foundation 431,Generated Dataset,,maharashtra,health,india,active
NGO Foundation 432,Generated Dataset,,uttar pradesh,women,india,active
NGO Foundation 433,Generated Dataset,,delhi,food,india,active
NGO Foundation 434,Generated Dataset,,tamil nadu,education,india,active
NGO Foundation 435,Generated Dataset,,karnataka,health,india,active
NGO Foundation 436,Generated Dataset,,delhi,food,india,active
NGO Foundation 437,Generated Dataset,,maharashtra,food,india,active
NGO Foundation 438,Generated Dataset,,karnataka,food,india,active
NGO Foundation 439,Generated Dataset,,maharashtra,health,india,active
NGO Foundation 440,Generated Dataset,,delhi,environment,india,active
NGO Foundation 441,Generated Dataset,,maharashtra,environment,india,active
NGO Foundation 442,Generated Dataset,,tamil nadu,health,india,active
NGO Foundation 443,Generated Dataset,,delhi,women,india,active
NGO Foundation 444,Generated Dataset,,uttar pradesh,social,india,active
NGO Foundation 445,Generated Dataset,,karnataka,social,india,active
NGO Foundation 446,Generated Dataset,,tamil nadu,environment,india,active
NGO Foundation 447,Generated Dataset,,uttar pradesh,food,india,active
NGO Foundation 448,Generated Dataset,,uttar pradesh,health,india,active
NGO Foundation 449,Generated Dataset,,maharashtra,women,india,active
NGO Foundation 450,Generated Dataset,,maharashtra,women,india,active
NGO Foundation 451,Generated Dataset,,tamil nadu,health,india,active
NGO Foundation 452,Generated Dataset,,delhi,health,india,active
NGO Foundation 453,Generated Dataset,,maharashtra,women,india,active
NGO Foundation 454,Generated Dataset,,karnataka,education,india,active
NGO Foundation 455,Generated Dataset,,uttar pradesh,women,india,active
NGO Foundation 456,Generated Dataset,,uttar pradesh,women,india,active
NGO Foundation 457,Generated Dataset,,tamil nadu,food,india,active
NGO Foundation 458,Generated Dataset,,delhi,food,india,active
NGO Foundation 459,Generated Dataset,,tamil nadu,environment,india,active
NGO Foundation 460,Generated Dataset,,karnataka,food,india,active
NGO Foundation 461,Generated Dataset,,uttar pradesh,social,india,active
NGO Foundation 462,Generated Dataset,,maharashtra,social,india,active
NGO Foundation 463,Generated Dataset,,tamil nadu,education,india,active
NGO Foundation 464,Generated Dataset,,uttar pradesh,social,india,active
NGO Foundation 465,Generated Dataset,,delhi,women,india,active
NGO Foundation 466,Generated Dataset,,karnataka,social,india,active
NGO Foundation 467,Generated Dataset,,delhi,social,india,active
NGO Foundation 468,Generated Dataset,,maharashtra,social,india,active
NGO Foundation 469,Generated Dataset,,delhi,education,india,active
NGO Foundation 470,Generated Dataset,,delhi,food,india,active
NGO Foundation 471,Generated Dataset,,tamil nadu,education,india,active
NGO Foundation 472,Generated Dataset,,uttar pradesh,social,india,active
NGO Foundation 473,Generated Dataset,,tamil nadu,environment,india,active
NGO Foundation 474,Generated Dataset,,delhi,education,india,active
NGO Foundation 475,Generated Dataset,,tamil nadu,social,india,active
NGO Foundation 476,Generated Dataset,,delhi,health,india,active
NGO Foundation 477,Generated Dataset,,tamil nadu,environment,india,active
NGO Foundation 478,Generated Dataset,,uttar pradesh,women,india,active
NGO Foundation 479,Generated Dataset,,tamil nadu,health,india,active
NGO Foundation 480,Generated Dataset,,maharashtra,food,india,active
NGO Foundation 481,Generated Dataset,,karnataka,social,india,active
NGO Foundation 482,Generated Dataset,,tamil nadu,education,india,active
NGO Foundation 483,Generated Dataset,,uttar pradesh,health,india,active
NGO Foundation 484,Generated Dataset,,delhi,social,india,active
NGO Foundation 485,Generated Dataset,,tamil nadu,environment,india,active
NGO Foundation 486,Generated Dataset,,karnataka,food,india,active
NGO Foundation 487,Generated Dataset,,maharashtra,women,india,active
NGO Foundation 488,Generated Dataset,,maharashtra,education,india,active
NGO Foundation 489,Generated Dataset,,uttar pradesh,education,india,active
NGO Foundation 490,Generated Dataset,,tamil nadu,education,india,active
NGO Foundation 491,Generated Dataset,,delhi,social,india,active
NGO Foundation 492,Generated Dataset,,karnataka,women,india,active
NGO Foundation 493,Generated Dataset,,tamil nadu,women,india,active
NGO Foundation 494,Generated Dataset,,uttar pradesh,food,india,active
NGO Foundation 495,Generated Dataset,,delhi,education,india,active
NGO Foundation 496,Generated Dataset,,uttar pradesh,environment,india,active
NGO Foundation 497,Generated Dataset,,karnataka,environment,india,active
NGO Foundation 498,Generated Dataset,,delhi,food,india,active
NGO Foundation 499,Generated Dataset,,uttar pradesh,health,india,active
NGO Foundation 500,Generated Dataset,,karnataka,food,india,active
NGO Foundation 501,Generated Dataset,,delhi,women,india,active
NGO Foundation 502,Generated Dataset,,tamil nadu,women,india,active
NGO Foundation 503,Generated Dataset,,karnataka,health,india,active
NGO Foundation 504,Generated Dataset,,tamil nadu,social,india,active
NGO Foundation 505,Generated Dataset,,delhi,social,india,active
NGO Foundation 506,Generated Dataset,,delhi,food,india,active
NGO Foundation 507,Generated Dataset,,tamil nadu,food,india,active
NGO Foundation 508,Generated Dataset,,uttar pradesh,environment,india,active
NGO Foundation 509,Generated Dataset,,uttar pradesh,education,india,active
NGO Foundation 510,Generated Dataset,,uttar pradesh,women,india,active
NGO Foundation 511,Generated Dataset,,karnataka,environment,india,active
NGO Foundation 512,Generated Dataset,,delhi,women,india,active
NGO Foundation 513,Generated Dataset,,tamil nadu,food,india,active
NGO Foundation 514,Generated Dataset,,karnataka,health,india,active
NGO Foundation 515,Generated Dataset,,tamil nadu,health,india,active
NGO Foundation 516,Generated Dataset,,maharashtra,women,india,active
NGO Foundation 517,Generated Dataset,,maharashtra,women,india,active
NGO Foundation 518,Generated Dataset,,delhi,women,india,active
NGO Foundation 519,Generated Dataset,,karnataka,environment,india,active
NGO Foundation 520,Generated Dataset,,uttar pradesh,food,india,active
NGO Foundation 521,Generated Dataset,,karnataka,health,india,active
NGO Foundation 522,Generated Dataset,,tamil nadu,social,india,active
NGO Foundation 523,Generated Dataset,,maharashtra,food,india,active
NGO Foundation 524,Generated Dataset,,tamil nadu,education,india,active
NGO Foundation 525,Generated Dataset,,uttar pradesh,women,india,active
NGO Foundation 526,Generated Dataset,,karnataka,food,india,active
NGO Foundation 527,Generated Dataset,,tamil nadu,health,india,active
NGO Foundation 528,Generated Dataset,,uttar pradesh,health,india,active
NGO Foundation 529,Generated Dataset,,tamil nadu,health,india,active
NGO Foundation 530,Generated Dataset,,maharashtra,health,india,active
NGO Foundation 531,Generated Dataset,,karnataka,education,india,active
NGO Foundation 532,Generated Dataset,,tamil nadu,health,india,active
NGO Foundation 533,Generated Dataset,,karnataka,education,india,active
NGO Foundation 534,Generated Dataset,,tamil nadu,environment,india,active
NGO Foundation 535,Generated Dataset,,tamil nadu,environment,india,active
NGO Foundation 536,Generated Dataset,,uttar pradesh,health,india,active
NGO Foundation 537,Generated Dataset,,tamil nadu,women,india,active
NGO Foundation 538,Generated Dataset,,uttar pradesh,education,india,active
NGO Foundation 539,Generated Dataset,,karnataka,environment,india,active
NGO Foundation 540,Generated Dataset,,karnataka,food,india,active
NGO Foundation 541,Generated Dataset,,maharashtra,environment,india,active
NGO Foundation 542,Generated Dataset,,tamil nadu,health,india,active
NGO Foundation 543,Generated Dataset,,delhi,education,india,active
NGO Foundation 544,Generated Dataset,,karnataka,food,india,active
NGO Foundation 545,Generated Dataset,,uttar pradesh,women,india,active
NGO Foundation 546,Generated Dataset,,tamil nadu,education,india,active
NGO Foundation 547,Generated Dataset,,tamil nadu,women,india,active
NGO Foundation 548,Generated Dataset,,uttar pradesh,health,india,active
NGO Foundation 549,Generated Dataset,,tamil nadu,food,india,active
NGO Foundation 550,Generated Dataset,,maharashtra,social,india,active
NGO Foundation 551,Generated Dataset,,tamil nadu,women,india,active
NGO Foundation 552,Generated Dataset,,delhi,health,india,active
NGO Foundation 553,Generated Dataset,,maharashtra,food,india,active
NGO Foundation 554,Generated Dataset,,maharashtra,social,india,active
NGO Foundation 555,Generated Dataset,,karnataka,health,india,active
NGO Foundation 556,Generated Dataset,,karnataka,health,india,active
NGO Foundation 557,Generated Dataset,,tamil nadu,women,india,active
NGO Foundation 558,Generated Dataset,,delhi,education,india,active
NGO Foundation 559,Generated Dataset,,tamil nadu,social,india,active
NGO Foundation 560,Generated Dataset,,delhi,health,india,active
NGO Foundation 561,Generated Dataset,,tamil nadu,health,india,active
NGO Foundation 562,Generated Dataset,,uttar pradesh,health,india,active
NGO Foundation 563,Generated Dataset,,tamil nadu,women,india,active
NGO Foundation 564,Generated Dataset,,karnataka,environment,india,active
NGO Foundation 565,Generated Dataset,,karnataka,food,india,active
NGO Foundation 566,Generated Dataset,,uttar pradesh,women,india,active
NGO Foundation 567,Generated Dataset,,uttar pradesh,women,india,active
NGO Foundation 568,Generated Dataset,,karnataka,health,india,active
NGO Foundation 569,Generated Dataset,,tamil nadu,food,india,active
NGO Foundation 570,Generated Dataset,,karnataka,food,india,active
NGO Foundation 571,Generated Dataset,,tamil nadu,health,india,active
NGO Foundation 572,Generated Dataset,,uttar pradesh,environment,india,active
NGO Foundation 573,Generated Dataset,,maharashtra,education,india,active
NGO Foundation 574,Generated Dataset,,uttar pradesh,women,india,active
NGO Foundation 575,Generated Dataset,,delhi,food,india,active
NGO Foundation 576,Generated Dataset,,karnataka,education,india,active
NGO Foundation 577,Generated Dataset,,delhi,education,india,active
NGO Foundation 578,Generated Dataset,,maharashtra,women,india,active
NGO Foundation 579,Generated Dataset,,karnataka,environment,india,active
NGO Foundation 580,Generated Dataset,,tamil nadu,social,india,active
NGO Foundation 581,Generated Dataset,,tamil nadu,women,india,active
NGO Foundation 582,Generated Dataset,,tamil nadu,education,india,active
NGO Foundation 583,Generated Dataset,,uttar pradesh,women,india,active
NGO Foundation 584,Generated Dataset,,maharashtra,environment,india,active
NGO Foundation 585,Generated Dataset,,delhi,food,india,active
NGO Foundation 586,Generated Dataset,,tamil nadu,environment,india,active
NGO Foundation 587,Generated Dataset,,karnataka,environment,india,active
NGO Foundation 588,Generated Dataset,,karnataka,food,india,active
NGO Foundation 589,Generated Dataset,,karnataka,education,india,active
NGO Foundation 590,Generated Dataset,,uttar pradesh,food,india,active
NGO Foundation 591,Generated Dataset,,tamil nadu,women,india,active
NGO Foundation 592,Generated Dataset,,delhi,food,india,active
NGO Foundation 593,Generated Dataset,,uttar pradesh,social,india,active
NGO Foundation 594,Generated Dataset,,uttar pradesh,health,india,active
NGO Foundation 595,Generated Dataset,,uttar pradesh,health,india,active
NGO Foundation 596,Generated Dataset,,maharashtra,education,india,active
NGO Foundation 597,Generated Dataset,,karnataka,education,india,active
NGO Foundation 598,Generated Dataset,,tamil nadu,women,india,active
NGO Foundation 599,Generated Dataset,,maharashtra,food,india,active
NGO Foundation 600,Generated Dataset,,karnataka,social,india,active
NGO Foundation 601,Generated Dataset,,uttar pradesh,health,india,active
NGO Foundation 602,Generated Dataset,,tamil nadu,education,india,active
NGO Foundation 603,Generated Dataset,,maharashtra,women,india,active
NGO Foundation 604,Generated Dataset,,karnataka,health,india,active
NGO Foundation 605,Generated Dataset,,maharashtra,food,india,active
NGO Foundation 606,Generated Dataset,,delhi,social,india,active
NGO Foundation 607,Generated Dataset,,uttar pradesh,education,india,active
NGO Foundation 608,Generated Dataset,,delhi,food,india,active
NGO Foundation 609,Generated Dataset,,delhi,environment,india,active
NGO Foundation 610,Generated Dataset,,karnataka,education,india,active
NGO Foundation 611,Generated Dataset,,maharashtra,environment,india,active
NGO Foundation 612,Generated Dataset,,maharashtra,health,india,active
NGO Foundation 613,Generated Dataset,,karnataka,social,india,active
NGO Foundation 614,Generated Dataset,,maharashtra,food,india,active
NGO Foundation 615,Generated Dataset,,tamil nadu,social,india,active
NGO Foundation 616,Generated Dataset,,uttar pradesh,food,india,active
NGO Foundation 617,Generated Dataset,,karnataka,women,india,active
NGO Foundation 618,Generated Dataset,,uttar pradesh,health,india,active
NGO Foundation 619,Generated Dataset,,uttar pradesh,women,india,active
NGO Foundation 620,Generated Dataset,,tamil nadu,health,india,active
NGO Foundation 621,Generated Dataset,,tamil nadu,health,india,active
NGO Foundation 622,Generated Dataset,,delhi,food,india,active
NGO Foundation 623,Generated Dataset,,tamil nadu,health,india,active
NGO Foundation 624,Generated Dataset,,delhi,education,india,active
NGO Foundation 625,Generated Dataset,,delhi,women,india,active
NGO Foundation 626,Generated Dataset,,tamil nadu,food,india,active
NGO Foundation 627,Generated Dataset,,maharashtra,social,india,active
NGO Foundation 628,Generated Dataset,,maharashtra,health,india,active
NGO Foundation 629,Generated Dataset,,karnataka,food,india,active
NGO Foundation 630,Generated Dataset,,uttar pradesh,social,india,active
NGO Foundation 631,Generated Dataset,,uttar pradesh,health,india,active
NGO Foundation 632,Generated Dataset,,tamil nadu,education,india,active
NGO Foundation 633,Generated Dataset,,maharashtra,environment,india,active
NGO Foundation 634,Generated Dataset,,uttar pradesh,food,india,active
NGO Foundation 635,Generated Dataset,,tamil nadu,social,india,active
NGO Foundation 636,Generated Dataset,,karnataka,women,india,active
NGO Foundation 637,Generated Dataset,,delhi,women,india,active
NGO Foundation 638,Generated Dataset,,delhi,social,india,active
NGO Foundation 639,Generated Dataset,,delhi,environment,india,active
NGO Foundation 640,Generated Dataset,,maharashtra,education,india,active
NGO Foundation 641,Generated Dataset,,uttar pradesh,education,india,active
NGO Foundation 642,Generated Dataset,,karnataka,environment,india,active
NGO Foundation 643,Generated Dataset,,delhi,environment,india,active
NGO Foundation 644,Generated Dataset,,uttar pradesh,food,india,active
NGO Foundation 645,Generated Dataset,,karnataka,education,india,active
NGO Foundation 646,Generated Dataset,,uttar pradesh,women,india,active
NGO Foundation 647,Generated Dataset,,tamil nadu,women,india,active
NGO Foundation 648,Generated Dataset,,uttar pradesh,food,india,active
NGO Foundation 649,Generated Dataset,,maharashtra,social,india,active
NGO Foundation 650,Generated Dataset,,maharashtra,environment,india,active
NGO Foundation 651,Generated Dataset,,uttar pradesh,food,india,active
NGO Foundation 652,Generated Dataset,,delhi,food,india,active
NGO Foundation 653,Generated Dataset,,uttar pradesh,women,india,active
NGO Foundation 654,Generated Dataset,,karnataka,food,india,active
NGO Foundation 655,Generated Dataset,,maharashtra,women,india,active
NGO Foundation 656,Generated Dataset,,maharashtra,environment,india,active
NGO Foundation 657,Generated Dataset,,tamil nadu,food,india,active
NGO Foundation 658,Generated Dataset,,maharashtra,education,india,active
NGO Foundation 659,Generated Dataset,,delhi,women,india,active
NGO Foundation 660,Generated Dataset,,karnataka,food,india,active
NGO Foundation 661,Generated Dataset,,maharashtra,social,india,active
NGO Foundation 662,Generated Dataset,,delhi,education,india,active
NGO Foundation 663,Generated Dataset,,maharashtra,education,india,active
NGO Foundation 664,Generated Dataset,,uttar pradesh,education,india,active
NGO Foundation 665,Generated Dataset,,karnataka,health,india,active
NGO Foundation 666,Generated Dataset,,tamil nadu,health,india,active
NGO Foundation 667,Generated Dataset,,delhi,environment,india,active
NGO Foundation 668,Generated Dataset,,tamil nadu,social,india,active
NGO Foundation 669,Generated Dataset,,delhi,women,india,active
NGO Foundation 670,Generated Dataset,,delhi,education,india,active
NGO Foundation 671,Generated Dataset,,uttar pradesh,food,india,active
NGO Foundation 672,Generated Dataset,,maharashtra,food,india,active
NGO Foundation 673,Generated Dataset,,karnataka,education,india,active
NGO Foundation 674,Generated Dataset,,uttar pradesh,social,india,active
NGO Foundation 675,Generated Dataset,,maharashtra,social,india,active
NGO Foundation 676,Generated Dataset,,maharashtra,food,india,active
NGO Foundation 677,Generated Dataset,,uttar pradesh,health,india,active
NGO Foundation 678,Generated Dataset,,maharashtra,social,india,active
NGO Foundation 679,Generated Dataset,,maharashtra,women,india,active
NGO Foundation 680,Generated Dataset,,uttar pradesh,social,india,active
NGO Foundation 681,Generated Dataset,,maharashtra,food,india,active
NGO Foundation 682,Generated Dataset,,tamil nadu,education,india,active
NGO Foundation 683,Generated Dataset,,delhi,environment,india,active
NGO Foundation 684,Generated Dataset,,uttar pradesh,social,india,active
NGO Foundation 685,Generated Dataset,,maharashtra,social,india,active
NGO Foundation 686,Generated Dataset,,delhi,food,india,active
NGO Foundation 687,Generated Dataset,,tamil nadu,social,india,active
NGO Foundation 688,Generated Dataset,,maharashtra,education,india,active
NGO Foundation 689,Generated Dataset,,karnataka,social,india,active
NGO Foundation 690,Generated Dataset,,maharashtra,health,india,active
NGO Foundation 691,Generated Dataset,,delhi,education,india,active
NGO Foundation 692,Generated Dataset,,delhi,social,india,active
NGO Foundation 693,Generated Dataset,,karnataka,women,india,active
NGO Foundation 694,Generated Dataset,,maharashtra,food,india,active
NGO Foundation 695,Generated Dataset,,delhi,food,india,active
NGO Foundation 696,Generated Dataset,,maharashtra,women,india,active
NGO Foundation 697,Generated Dataset,,tamil nadu,education,india,active
NGO Foundation 698,Generated Dataset,,tamil nadu,education,india,active
NGO Foundation 699,Generated Dataset,,uttar pradesh,environment,india,active
NGO Foundation 700,Generated Dataset,,karnataka,social,india,active
NGO Foundation 701,Generated Dataset,,karnataka,social,india,active
NGO Foundation 702,Generated Dataset,,uttar pradesh,health,india,active
NGO Foundation 703,Generated Dataset,,delhi,social,india,active
NGO Foundation 704,Generated Dataset,,maharashtra,education,india,active
NGO Foundation 705,Generated Dataset,,tamil nadu,environment,india,active
NGO Foundation 706,Generated Dataset,,karnataka,women,india,active
NGO Foundation 707,Generated Dataset,,delhi,women,india,active
NGO Foundation 708,Generated Dataset,,karnataka,environment,india,active
NGO Foundation 709,Generated Dataset,,karnataka,health,india,active
NGO Foundation 710,Generated Dataset,,delhi,food,india,active
NGO Foundation 711,Generated Dataset,,maharashtra,food,india,active
NGO Foundation 712,Generated Dataset,,karnataka,education,india,active
NGO Foundation 713,Generated Dataset,,maharashtra,environment,india,active
NGO Foundation 714,Generated Dataset,,maharashtra,environment,india,active
NGO Foundation 715,Generated Dataset,,tamil nadu,food,india,active
NGO Foundation 716,Generated Dataset,,uttar pradesh,education,india,active
NGO Foundation 717,Generated Dataset,,karnataka,education,india,active
NGO Foundation 718,Generated Dataset,,uttar pradesh,food,india,active
NGO Foundation 719,Generated Dataset,,maharashtra,education,india,active
NGO Foundation 720,Generated Dataset,,uttar pradesh,environment,india,active
NGO Foundation 721,Generated Dataset,,delhi,social,india,active
NGO Foundation 722,Generated Dataset,,karnataka,health,india,active
NGO Foundation 723,Generated Dataset,,tamil nadu,environment,india,active
NGO Foundation 724,Generated Dataset,,tamil nadu,environment,india,active
NGO Foundation 725,Generated Dataset,,maharashtra,health,india,active
NGO Foundation 726,Generated Dataset,,delhi,food,india,active
NGO Foundation 727,Generated Dataset,,delhi,education,india,active
NGO Foundation 728,Generated Dataset,,maharashtra,environment,india,active
NGO Foundation 729,Generated Dataset,,maharashtra,social,india,active
NGO Foundation 730,Generated Dataset,,karnataka,women,india,active
NGO Foundation 731,Generated Dataset,,tamil nadu,women,india,active
NGO Foundation 732,Generated Dataset,,maharashtra,health,india,active
NGO Foundation 733,Generated Dataset,,uttar pradesh,education,india,active
NGO Foundation 734,Generated Dataset,,delhi,women,india,active
NGO Foundation 735,Generated Dataset,,maharashtra,education,india,active
NGO Foundation 736,Generated Dataset,,karnataka,women,india,active
NGO Foundation 737,Generated Dataset,,maharashtra,women,india,active
NGO Foundation 738,Generated Dataset,,uttar pradesh,food,india,active
NGO Foundation 739,Generated Dataset,,maharashtra,health,india,active
NGO Foundation 740,Generated Dataset,,tamil nadu,social,india,active
NGO Foundation 741,Generated Dataset,,delhi,education,india,active
NGO Foundation 742,Generated Dataset,,uttar pradesh,social,india,active
NGO Foundation 743,Generated Dataset,,maharashtra,environment,india,active
NGO Foundation 744,Generated Dataset,,maharashtra,women,india,active
NGO Foundation 745,Generated Dataset,,karnataka,environment,india,active
NGO Foundation 746,Generated Dataset,,tamil nadu,social,india,active
NGO Foundation 747,Generated Dataset,,uttar pradesh,social,india,active
NGO Foundation 748,Generated Dataset,,karnataka,women,india,active
NGO Foundation 749,Generated Dataset,,tamil nadu,health,india,active
NGO Foundation 750,Generated Dataset,,delhi,women,india,active
NGO Foundation 751,Generated Dataset,,uttar pradesh,education,india,active
NGO Foundation 752,Generated Dataset,,tamil nadu,education,india,active
NGO Foundation 753,Generated Dataset,,uttar pradesh,social,india,active
NGO Foundation 754,Generated Dataset,,maharashtra,education,india,active
NGO Foundation 755,Generated Dataset,,uttar pradesh,education,india,active
NGO Foundation 756,Generated Dataset,,karnataka,food,india,active
NGO Foundation 757,Generated Dataset,,maharashtra,food,india,active
NGO Foundation 758,Generated Dataset,,maharashtra,health,india,active
NGO Foundation 759,Generated Dataset,,tamil nadu,women,india,active
NGO Foundation 760,Generated Dataset,,tamil nadu,social,india,active
NGO Foundation 761,Generated Dataset,,maharashtra,education,india,active
NGO Foundation 762,Generated Dataset,,maharashtra,environment,india,active
NGO Foundation 763,Generated Dataset,,uttar pradesh,education,india,active
NGO Foundation 764,Generated Dataset,,uttar pradesh,social,india,active
NGO Foundation 765,Generated Dataset,,karnataka,social,india,active
NGO Foundation 766,Generated Dataset,,maharashtra,women,india,active
NGO Foundation 767,Generated Dataset,,delhi,food,india,active
NGO Foundation 768,Generated Dataset,,uttar pradesh,health,india,active
NGO Foundation 769,Generated Dataset,,uttar pradesh,women,india,active
NGO Foundation 770,Generated Dataset,,karnataka,social,india,active
NGO Foundation 771,Generated Dataset,,delhi,social,india,active
NGO Foundation 772,Generated Dataset,,karnataka,education,india,active
NGO Foundation 773,Generated Dataset,,tamil nadu,social,india,active
NGO Foundation 774,Generated Dataset,,karnataka,food,india,active
NGO Foundation 775,Generated Dataset,,tamil nadu,health,india,active
NGO Foundation 776,Generated Dataset,,uttar pradesh,health,india,active
NGO Foundation 777,Generated Dataset,,karnataka,environment,india,active
NGO Foundation 778,Generated Dataset,,uttar pradesh,women,india,active
NGO Foundation 779,Generated Dataset,,maharashtra,food,india,active
NGO Foundation 780,Generated Dataset,,maharashtra,women,india,active
NGO Foundation 781,Generated Dataset,,tamil nadu,education,india,active
NGO Foundation 782,Generated Dataset,,delhi,health,india,active
NGO Foundation 783,Generated Dataset,,delhi,health,india,active
NGO Foundation 784,Generated Dataset,,delhi,food,india,active
NGO Foundation 785,Generated Dataset,,delhi,education,india,active
NGO Foundation 786,Generated Dataset,,delhi,food,india,active
NGO Foundation 787,Generated Dataset,,delhi,women,india,active
NGO Foundation 788,Generated Dataset,,maharashtra,education,india,active
NGO Foundation 789,Generated Dataset,,tamil nadu,food,india,active
NGO Foundation 790,Generated Dataset,,delhi,social,india,active
NGO Foundation 791,Generated Dataset,,uttar pradesh,environment,india,active
NGO Foundation 792,Generated Dataset,,maharashtra,environment,india,active
NGO Foundation 793,Generated Dataset,,uttar pradesh,education,india,active
NGO Foundation 794,Generated Dataset,,uttar pradesh,environment,india,active
NGO Foundation 795,Generated Dataset,,karnataka,education,india,active
NGO Foundation 796,Generated Dataset,,karnataka,women,india,active
NGO Foundation 797,Generated Dataset,,delhi,environment,india,active
NGO Foundation 798,Generated Dataset,,uttar pradesh,environment,india,active
NGO Foundation 799,Generated Dataset,,tamil nadu,education,india,active
NGO Foundation 800,Generated Dataset,,delhi,women,india,active
NGO Foundation 801,Generated Dataset,,maharashtra,health,india,active
NGO Foundation 802,Generated Dataset,,maharashtra,social,india,active
NGO Foundation 803,Generated Dataset,,maharashtra,health,india,active
NGO Foundation 804,Generated Dataset,,maharashtra,education,india,active
NGO Foundation 805,Generated Dataset,,delhi,food,india,active
NGO Foundation 806,Generated Dataset,,maharashtra,health,india,active
NGO Foundation 807,Generated Dataset,,tamil nadu,environment,india,active
NGO Foundation 808,Generated Dataset,,delhi,environment,india,active
NGO Foundation 809,Generated Dataset,,tamil nadu,education,india,active
NGO Foundation 810,Generated Dataset,,tamil nadu,health,india,active
NGO Foundation 811,Generated Dataset,,uttar pradesh,social,india,active
NGO Foundation 812,Generated Dataset,,delhi,health,india,active
NGO Foundation 813,Generated Dataset,,karnataka,women,india,active
NGO Foundation 814,Generated Dataset,,karnataka,environment,india,active
NGO Foundation 815,Generated Dataset,,delhi,education,india,active
NGO Foundation 816,Generated Dataset,,maharashtra,health,india,active
NGO Foundation 817,Generated Dataset,,delhi,health,india,active
NGO Foundation 818,Generated Dataset,,delhi,environment,india,active
NGO Foundation 819,Generated Dataset,,delhi,education,india,active
NGO Foundation 820,Generated Dataset,,tamil nadu,education,india,active
NGO Foundation 821,Generated Dataset,,karnataka,food,india,active
NGO Foundation 822,Generated Dataset,,karnataka,social,india,active
NGO Foundation 823,Generated Dataset,,karnataka,social,india,active
NGO Foundation 824,Generated Dataset,,karnataka,women,india,active
NGO Foundation 825,Generated Dataset,,uttar pradesh,social,india,active
NGO Foundation 826,Generated Dataset,,tamil nadu,health,india,active
NGO Foundation 827,Generated Dataset,,tamil nadu,education,india,active
NGO Foundation 828,Generated Dataset,,delhi,education,india,active
NGO Foundation 829,Generated Dataset,,uttar pradesh,food,india,active
NGO Foundation 830,Generated Dataset,,tamil nadu,environment,india,active
NGO Foundation 831,Generated Dataset,,tamil nadu,women,india,active
NGO Foundation 832,Generated Dataset,,delhi,health,india,active
NGO Foundation 833,Generated Dataset,,karnataka,environment,india,active
NGO Foundation 834,Generated Dataset,,uttar pradesh,food,india,active
NGO Foundation 835,Generated Dataset,,uttar pradesh,women,india,active
NGO Foundation 836,Generated Dataset,,maharashtra,environment,india,active
NGO Foundation 837,Generated Dataset,,karnataka,education,india,active
NGO Foundation 838,Generated Dataset,,tamil nadu,women,india,active
NGO Foundation 839,Generated Dataset,,tamil nadu,social,india,active
NGO Foundation 840,Generated Dataset,,maharashtra,food,india,active
NGO Foundation 841,Generated Dataset,,tamil nadu,education,india,active
NGO Foundation 842,Generated Dataset,,karnataka,environment,india,active
NGO Foundation 843,Generated Dataset,,delhi,health,india,active
NGO Foundation 844,Generated Dataset,,uttar pradesh,education,india,active
NGO Foundation 845,Generated Dataset,,karnataka,women,india,active
NGO Foundation 846,Generated Dataset,,tamil nadu,education,india,active
NGO Foundation 847,Generated Dataset,,delhi,environment,india,active
NGO Foundation 848,Generated Dataset,,maharashtra,health,india,active
NGO Foundation 849,Generated Dataset,,uttar pradesh,women,india,active
NGO Foundation 850,Generated Dataset,,maharashtra,food,india,active
NGO Foundation 851,Generated Dataset,,uttar pradesh,food,india,active
NGO Foundation 852,Generated Dataset,,delhi,women,india,active
NGO Foundation 853,Generated Dataset,,karnataka,food,india,active
NGO Foundation 854,Generated Dataset,,uttar pradesh,food,india,active
NGO Foundation 855,Generated Dataset,,karnataka,health,india,active
NGO Foundation 856,Generated Dataset,,maharashtra,environment,india,active
NGO Foundation 857,Generated Dataset,,tamil nadu,environment,india,active
NGO Foundation 858,Generated Dataset,,uttar pradesh,food,india,active
NGO Foundation 859,Generated Dataset,,delhi,social,india,active
NGO Foundation 860,Generated Dataset,,maharashtra,education,india,active
NGO Foundation 861,Generated Dataset,,delhi,food,india,active
NGO Foundation 862,Generated Dataset,,uttar pradesh,social,india,active
NGO Foundation 863,Generated Dataset,,delhi,education,india,active
NGO Foundation 864,Generated Dataset,,maharashtra,education,india,active
NGO Foundation 865,Generated Dataset,,delhi,health,india,active
NGO Foundation 866,Generated Dataset,,tamil nadu,environment,india,active
NGO Foundation 867,Generated Dataset,,maharashtra,food,india,active
NGO Foundation 868,Generated Dataset,,uttar pradesh,education,india,active
NGO Foundation 869,Generated Dataset,,delhi,health,india,active
NGO Foundation 870,Generated Dataset,,karnataka,food,india,active
NGO Foundation 871,Generated Dataset,,karnataka,social,india,active
NGO Foundation 872,Generated Dataset,,uttar pradesh,social,india,active
NGO Foundation 873,Generated Dataset,,karnataka,education,india,active
NGO Foundation 874,Generated Dataset,,maharashtra,women,india,active
NGO Foundation 875,Generated Dataset,,maharashtra,environment,india,active
NGO Foundation 876,Generated Dataset,,uttar pradesh,environment,india,active
NGO Foundation 877,Generated Dataset,,karnataka,health,india,active
NGO Foundation 878,Generated Dataset,,delhi,education,india,active
NGO Foundation 879,Generated Dataset,,uttar pradesh,women,india,active
NGO Foundation 880,Generated Dataset,,karnataka,food,india,active
NGO Foundation 881,Generated Dataset,,tamil nadu,education,india,active
NGO Foundation 882,Generated Dataset,,karnataka,health,india,active
NGO Foundation 883,Generated Dataset,,maharashtra,education,india,active
NGO Foundation 884,Generated Dataset,,uttar pradesh,health,india,active
NGO Foundation 885,Generated Dataset,,maharashtra,environment,india,active
NGO Foundation 886,Generated Dataset,,maharashtra,health,india,active
NGO Foundation 887,Generated Dataset,,karnataka,education,india,active
NGO Foundation 888,Generated Dataset,,delhi,food,india,active
NGO Foundation 889,Generated Dataset,,tamil nadu,social,india,active
NGO Foundation 890,Generated Dataset,,maharashtra,health,india,active
NGO Foundation 891,Generated Dataset,,tamil nadu,health,india,active
NGO Foundation 892,Generated Dataset,,uttar pradesh,education,india,active
NGO Foundation 893,Generated Dataset,,delhi,environment,india,active
NGO Foundation 894,Generated Dataset,,tamil nadu,social,india,active
NGO Foundation 895,Generated Dataset,,tamil nadu,women,india,active
NGO Foundation 896,Generated Dataset,,karnataka,health,india,active
NGO Foundation 897,Generated Dataset,,karnataka,health,india,active
NGO Foundation 898,Generated Dataset,,maharashtra,women,india,active
NGO Foundation 899,Generated Dataset,,tamil nadu,food,india,active
NGO Foundation 900,Generated Dataset,,tamil nadu,social,india,active
NGO Foundation 901,Generated Dataset,,karnataka,education,india,active
NGO Foundation 902,Generated Dataset,,karnataka,education,india,active
NGO Foundation 903,Generated Dataset,,delhi,women,india,active
NGO Foundation 904,Generated Dataset,,tamil nadu,food,india,active
NGO Foundation 905,Generated Dataset,,karnataka,women,india,active
NGO Foundation 906,Generated Dataset,,maharashtra,environment,india,active
NGO Foundation 907,Generated Dataset,,karnataka,social,india,active
NGO Foundation 908,Generated Dataset,,karnataka,health,india,active
NGO Foundation 909,Generated Dataset,,tamil nadu,education,india,active
NGO Foundation 910,Generated Dataset,,karnataka,food,india,active
NGO Foundation 911,Generated Dataset,,delhi,women,india,active
NGO Foundation 912,Generated Dataset,,tamil nadu,women,india,active
NGO Foundation 913,Generated Dataset,,karnataka,health,india,active
NGO Foundation 914,Generated Dataset,,delhi,food,india,active
NGO Foundation 915,Generated Dataset,,uttar pradesh,social,india,active
NGO Foundation 916,Generated Dataset,,uttar pradesh,environment,india,active
NGO Foundation 917,Generated Dataset,,uttar pradesh,food,india,active
NGO Foundation 918,Generated Dataset,,tamil nadu,health,india,active
NGO Foundation 919,Generated Dataset,,tamil nadu,environment,india,active
NGO Foundation 920,Generated Dataset,,uttar pradesh,environment,india,active
NGO Foundation 921,Generated Dataset,,delhi,environment,india,active
NGO Foundation 922,Generated Dataset,,tamil nadu,food,india,active
NGO Foundation 923,Generated Dataset,,uttar pradesh,education,india,active
NGO Foundation 924,Generated Dataset,,delhi,environment,india,active
NGO Foundation 925,Generated Dataset,,tamil nadu,education,india,active
NGO Foundation 926,Generated Dataset,,maharashtra,health,india,active
NGO Foundation 927,Generated Dataset,,tamil nadu,social,india,active
NGO Foundation 928,Generated Dataset,,karnataka,food,india,active
NGO Foundation 929,Generated Dataset,,karnataka,health,india,active
NGO Foundation 930,Generated Dataset,,uttar pradesh,health,india,active
NGO Foundation 931,Generated Dataset,,uttar pradesh,women,india,active
NGO Foundation 932,Generated Dataset,,uttar pradesh,food,india,active
NGO Foundation 933,Generated Dataset,,uttar pradesh,environment,india,active
NGO Foundation 934,Generated Dataset,,maharashtra,health,india,active
NGO Foundation 935,Generated Dataset,,delhi,women,india,active
NGO Foundation 936,Generated Dataset,,tamil nadu,education,india,active
NGO Foundation 937,Generated Dataset,,delhi,women,india,active
NGO Foundation 938,Generated Dataset,,delhi,health,india,active
NGO Foundation 939,Generated Dataset,,maharashtra,social,india,active
NGO Foundation 940,Generated Dataset,,uttar pradesh,social,india,active
NGO Foundation 941,Generated Dataset,,karnataka,women,india,active
NGO Foundation 942,Generated Dataset,,uttar pradesh,health,india,active
NGO Foundation 943,Generated Dataset,,uttar pradesh,environment,india,active
NGO Foundation 944,Generated Dataset,,karnataka,women,india,active
NGO Foundation 945,Generated Dataset,,karnataka,social,india,active
NGO Foundation 946,Generated Dataset,,karnataka,social,india,active
NGO Foundation 947,Generated Dataset,,karnataka,women,india,active
NGO Foundation 948,Generated Dataset,,karnataka,education,india,active
NGO Foundation 949,Generated Dataset,,karnataka,health,india,active
NGO Foundation 950,Generated Dataset,,uttar pradesh,health,india,active
NGO Foundation 951,Generated Dataset,,delhi,education,india,active
NGO Foundation 952,Generated Dataset,,maharashtra,women,india,active
NGO Foundation 953,Generated Dataset,,karnataka,women,india,active
NGO Foundation 954,Generated Dataset,,uttar pradesh,social,india,active
NGO Foundation 955,Generated Dataset,,tamil nadu,education,india,active
NGO Foundation 956,Generated Dataset,,maharashtra,health,india,active
NGO Foundation 957,Generated Dataset,,tamil nadu,social,india,active
NGO Foundation 958,Generated Dataset,,delhi,education,india,active
NGO Foundation 959,Generated Dataset,,tamil nadu,environment,india,active
NGO Foundation 960,Generated Dataset,,uttar pradesh,food,india,active
NGO Foundation 961,Generated Dataset,,uttar pradesh,food,india,active
NGO Foundation 962,Generated Dataset,,maharashtra,education,india,active
NGO Foundation 963,Generated Dataset,,karnataka,food,india,active
NGO Foundation 964,Generated Dataset,,delhi,education,india,active
NGO Foundation 965,Generated Dataset,,karnataka,education,india,active
NGO Foundation 966,Generated Dataset,,tamil nadu,environment,india,active
NGO Foundation 967,Generated Dataset,,karnataka,food,india,active
NGO Foundation 968,Generated Dataset,,delhi,education,india,active
NGO Foundation 969,Generated Dataset,,karnataka,environment,india,active
NGO Foundation 970,Generated Dataset,,karnataka,environment,india,active
NGO Foundation 971,Generated Dataset,,delhi,food,india,active
NGO Foundation 972,Generated Dataset,,tamil nadu,food,india,active
NGO Foundation 973,Generated Dataset,,delhi,environment,india,active
NGO Foundation 974,Generated Dataset,,uttar pradesh,education,india,active
NGO Foundation 975,Generated Dataset,,maharashtra,women,india,active
NGO Foundation 976,Generated Dataset,,tamil nadu,food,india,active
NGO Foundation 977,Generated Dataset,,tamil nadu,health,india,active
NGO Foundation 978,Generated Dataset,,karnataka,environment,india,active
NGO Foundation 979,Generated Dataset,,karnataka,education,india,active
NGO Foundation 980,Generated Dataset,,tamil nadu,social,india,active
NGO Foundation 981,Generated Dataset,,maharashtra,education,india,active
NGO Foundation 982,Generated Dataset,,maharashtra,social,india,active
NGO Foundation 983,Generated Dataset,,tamil nadu,social,india,active
NGO Foundation 984,Generated Dataset,,delhi,environment,india,active
NGO Foundation 985,Generated Dataset,,maharashtra,women,india,active
NGO Foundation 986,Generated Dataset,,delhi,education,india,active
NGO Foundation 987,Generated Dataset,,karnataka,women,india,active
NGO Foundation 988,Generated Dataset,,karnataka,education,india,active
NGO Foundation 989,Generated Dataset,,karnataka,education,india,active
NGO Foundation 990,Generated Dataset,,maharashtra,health,india,active
NGO Foundation 991,Generated Dataset,,tamil nadu,health,india,active
NGO Foundation 992,Generated Dataset,,maharashtra,social,india,active
NGO Foundation 993,Generated Dataset,,tamil nadu,women,india,active
NGO Foundation 994,Generated Dataset,,maharashtra,women,india,active
NGO Foundation 995,Generated Dataset,,delhi,health,india,active
NGO Foundation 996,Generated Dataset,,tamil nadu,health,india,active
NGO Foundation 997,Generated Dataset,,uttar pradesh,food,india,active
NGO Foundation 998,Generated Dataset,,tamil nadu,environment,india,active
NGO Foundation 999,Generated Dataset,,uttar pradesh,women,india,active
